{
	"format_version": "1.8.0",
	"animations": {
		"animation": {
			"animation_length": 1.33333,
			"bones": {
				"bone2": {
					"rotation": {
						"0.0": {
							"vector": [0, 0, 0]
						},
						"0.1667": {
							"vector": [0, -10, 0]
						},
						"0.2917": {
							"vector": [0, -28.57, 0]
						},
						"0.3333": {
							"vector": [5, -37.86, 0]
						},
						"0.375": {
							"vector": [6.25, -47.14, 0]
						},
						"0.4167": {
							"vector": [6.67, -56.43, 0]
						},
						"0.4583": {
							"vector": [15.84, -65.71, 0]
						},
						"0.5": {
							"vector": [0, -75, 0]
						},
						"0.5417": {
							"vector": [12.5, -75, 0]
						},
						"0.6667": {
							"vector": [80.23529, -61.42826, -69.05706]
						},
						"0.7083": {
							"vector": [119.89909, -77.19816, -104.69328]
						},
						"0.75": {
							"vector": [134.01205, -74.50693, -113.64778]
						},
						"0.7917": {
							"vector": [154.75796, -71.16772, -123.30969]
						},
						"0.8333": {
							"vector": [181.32126, -61.6889, -152.75417]
						},
						"0.875": {
							"vector": [180.48468, -50.74402, -151.01854]
						},
						"0.9167": {
							"vector": [184.20188, -40.18892, -153.05269]
						},
						"0.9583": {
							"vector": [194.78812, -30.8176, -163.78976]
						},
						"1.0833": {
							"vector": [202.14622, -10.89188, -149.89789]
						},
						"1.2083": {
							"vector": [204.26091, -3.9477, -166.11104]
						},
						"1.25": {
							"vector": [210.78321, 18.26582, -167.5556]
						},
						"1.3333": {
							"vector": [230.94486, 46.78235, -144.01973]
						}
					},
					"position": {
						"0.0": {
							"vector": [0, 0, 0]
						},
						"0.1667": {
							"vector": [1, 2, 0]
						},
						"0.2917": {
							"vector": [2.29, 0, 3.71]
						},
						"0.4583": {
							"vector": [1.06, -2, 12.14]
						},
						"0.5": {
							"vector": [2, 0, 13]
						},
						"0.5417": {
							"vector": [1, -2, 13]
						},
						"0.6667": {
							"vector": [1, 2, 14]
						},
						"0.7083": {
							"vector": [-0.33, -1, 16]
						},
						"0.7917": {
							"vector": [-3, -1, 17]
						},
						"0.8333": {
							"vector": [-5, -1.67, 17.5]
						},
						"0.9167": {
							"vector": [-9, 0, 18.5]
						},
						"1.0833": {
							"vector": [-15, 1, 16]
						},
						"1.2083": {
							"vector": [-15, -2, 16]
						},
						"1.25": {
							"vector": [-17, -1.33, 12.67]
						},
						"1.3333": {
							"vector": [-18, 0, 6]
						}
					}
				}
			}
		}
	},
	"geckolib_format_version": 2
}